Platform,Topic,Searched Text,Hashtags,Content Type,Publisher,Publication Date,Summary,Perceived Bias,Reactions,Likes,Sad,Anger,Funny ,Surprise,Love ,Heart,Comments,Shares
Facebook,Climate Change,Climate Change ,#climatechange #deforestation #animalagriculture #globalwarming,,Racing Extinction ,1/15/25,"Only when the last tree has died, the last river been poisoned, and the last fish been caught, will we realize we cannot eat money. This graphic shows us the devastating toll humanity has taken on planet earth. We have lost one-third of global forests in the last 10,000 years â€“ an area twice the size of the United States. (Source: Our World in Data) With the planet heating at exponential rates, these figures will only increase.  When will we start treating this planet like itâ€™s our home? #climatechange #deforestation #animalagriculture #globalwarming",In-favor,347,144,133,11,11,9,5,2,168,273
Facebook,Climate Change,Recommended,#climatechange #landofdiversity2,,Tech It Out with Yang Zhao,1/17/25,GLOBAL WARMINGğŸŒ¡ï¸ğŸ”¥ Climate change is just going to intensify! Earth recorded the hottest year ever in 2024.#climatechange #landofdiversity2,In-favor,4500,766,277,76,3300,23,15,23,4700,116
Facebook,Climate Change,Recommended,,,KATU News,2/22/25,KATU's Steve Dunn interviewed the governor earlier this month on numerous topics including her priorities for the environment and why she thinks it is important the state is doubling down on reproductive rights and gender-affirming care.,In-favor,527,75,1,94,346,4,3,9,466,12
Facebook,Climate Change,Recommended,,,CBS Mornings,2/21/25,"Seven trillion tons of ice have been lost since the year 2000, a study found. Researchers warn that the melting rate of glaciers in the coming years may be faster than previously expected because of climate change â€” which could drive sea levels even higher.",In-favor,195,88,53,3,31,10,8,2,136,47
Facebook,Climate Change,Recommended,,,WXII 12 NEWS  ,2/21/25,"Climate change is accelerating the melting of the world's mountain glaciers, according to a massive new study that analyzes the shrinkage of our glaciers compared to the early 2000s. ğŸ’§ To learn more: https://www.wxii12.com/.../climate-change.../63856952",In-favor,677,109,133,4,422,12,5,2,521,44
Facebook,Climate Change,Recommended,,,StarTalk,2/19/25,My Honest Thoughts on Climate Change ğŸŒ,In-favor,3000,2600,1,0,16,14,22,282,283,476
Facebook,Climate Change,Recommended,,,CBS Mornings ,2/21/25,"Seven trillion tons of ice have been lost since the year 2000, a study found. Researchers warn that the melting rate of glaciers in the coming years may be faster than previously expected because of climate change â€” which could drive sea levels even higher.",In-favor,195,88,53,3,31,10,8,2,136,47
Facebook,Climate Change,Recommended,#climatechange,,Climate Reality,2/14/25,"African mountain farmers arenâ€™t just surviving #climatechange â€” theyâ€™re innovating through it. With new crop varieties and soil-saving strategies, theyâ€™re leading in resilience. But outdated policies? Those stand in their way. Itâ€™s time for change. ",In-favor,43,33,0,0,2,1,6,1,20,21
Facebook,Climate Change,Recommended,,,David Corn ,2/19/25,"SCOOP: On his second day as HHS secretary, RFK Jr., the onetime environmentalist, killed climate change programs at NIH that research and prepare for the health effects of extreme weather and a warming planet. This is not going to make Americans healthy.",In-favor,108,12,9,84,0,2,0,1,29,37
Facebook,Climate Change,Recommended,,,WCAX-TV ,2/21/25,Gov. Phil Scott wants Vermont lawmakers to change course on fighting climate change and proposes lawmakers roll back mandates to decarbonize.,Neutral,376,176,5,44,6,4,0,41,128,13
Facebook,Climate Change,Recommended,,,KTVN 2 News,2/20/25,"A new and massive study finds that climate change is melting the worldâ€™s mountain glaciers faster than ever. They are now shrinking at more than twice the speed of the early 2000s, according to the study.",In-favor,118,3,28,1,80,4,1,1,98,2
Facebook,Climate Change,Recommended,,,MPR News,2/22/25,"MPR News chief meteorologist Paul Huttner talks with Ben Grove, with the nonprofit Clean Air Task Force, about decarbonizing the atmosphere to address climate change.",In-favor,9,6,0,0,3,0,0,0,3,1
Facebook,Climate Change,Recommended,,,CBS Austin ,2/20/25,"Austin broke records Wednesday and Thursday, with lows even colder than during this time in 2021. Despite these record temps, the season is still warmer than average.",In-favor,15,7,1,0,6,0,0,1,23,5
Facebook,Climate Change,Recommended,#ClimateAction #SaveThePlanet #GoGreen #ActNow #Sustainability #EcoFriendly #ClimateCrisis #EarthDayEveryDay #ProtectOurHome #ClimateChangeAwareness,,Climate Change Guide ,2/20/25,"Climate change is no longer a distant threatâ€”it's happening right before our eyes. The ice caps are melting, temperatures are rising, and ecosystems are breaking down. But we still have time to act. ğŸŒ±âœ¨ It starts with usâ€”reducing waste, embracing renewable energy, and pushing for policies that protect our planet. Every action counts. ğŸ‘‰ Are you ready to help cool down our Earth? ğŸ’§ğŸŒ¿ #ClimateAction #SaveThePlanet #GoGreen #ActNow #Sustainability #EcoFriendly #ClimateCrisis #EarthDayEveryDay #ProtectOurHome #ClimateChangeAwareness",In-favor,15,9,4,0,0,0,0,2,2,4
Facebook,Climate Change,Recommended,,,Sky News,2/17/25,Sky's Ali Fortescue challenged Mr Tice with the findings of a UN group of 200 international scientists that humans activities like burning fossil fuels are to blame for recent climate changes,In-favor,409,269,1,50,77,2,0,10,842,16
Facebook,Climate Change,Recommended,#ClimateAction #SaveThePlanet #GoGreen #ActNow #Sustainability #EcoFriendly #ClimateCrisis #EarthDayEveryDay #ProtectOurHome #ClimateChangeAwareness,,Climate Change Guide ,2/20/25,"Climate change is no longer a distant threatâ€”it's happening right before our eyes. The ice caps are melting, temperatures are rising, and ecosystems are breaking down. But we still have time to act. ğŸŒ±âœ¨ It starts with usâ€”reducing waste, embracing renewable energy, and pushing for policies that protect our planet. Every action counts. ğŸ‘‰ Are you ready to help cool down our Earth? ğŸ’§ğŸŒ¿ #ClimateAction #SaveThePlanet #GoGreen #ActNow #Sustainability #EcoFriendly #ClimateCrisis #EarthDayEveryDay #ProtectOurHome #ClimateChangeAwareness",In-favor,15,9,4,0,0,0,0,2,2,4
Facebook,Climate Change,Recommended, #EarthDotCom #EarthSnap #Earth,,Earth.com ,2/22/25,Climate change is fueling a global water crisis: Scientists warn that climate change is worsening water shortages. Water gaps could increase by 6% at 1.5Â°C warming and 15% at 3Â°C warming. #EarthDotCom #EarthSnap #Earth,In-favor,5,2,2,0,0,0,1,0,0,1
Facebook,Climate Change,Recommended,,,Climate Reality,2/14/25,"Our founder and chairman, former US Vice President Al Gore, gave Radio Davos a reality check on the current status of the climate crisis. Disasters are escalating, but Climate TRACE can help combat this by tracking emissions.Tune in to hear more from Vice President Gore on our climateâ€™s future â€“ and how hope itself can be a renewable resource! https://bit.ly/3EzCtmG",In-favor,168,104,9,0,11,1,26,0,80,72
Facebook,Climate Change,Recommended, #ClimateChange,,World Health Organization African Region,1/24/25,The climate crisis is also a health crisis! ğŸ˜¶ Famines  ğŸŒŠ Floods â˜€ï¸ Heatwaves  ğŸ”¥ Wildfires  The impact of #ClimateChange on health is real & urgent climate action is needed NOW!,In-favor,107,59,2,0,33,0,5,8,46,25
Facebook,Climate Change,Recommended,,,Michael Knowles,2/21/25,Climate change is one of the tenets of the leftist religion.,Against,926,851,1,1,4,2,1,66,143,43
Facebook,Climate Change,Recommended,,,Michael Knowles,2/21/25,Climate change is one of the tenets of the leftist religion.,Against,926,851,1,1,4,2,1,66,143,43
Facebook,Climate Change,Recommended,,,CSIS | Center for Strategic & International Studies,2/22/25,"""As one of the nations most affected by climate change, Kenya has embraced the challenge of the climate crisis, taking a proactive, research-driven approach to crafting policies."" The CSIS Africa Program explores Kenyaâ€™s green leadership in a new report: ",In-favor,1,1,0,0,0,0,0,0,0,0
Facebook,Climate Change,Recommended,,,World Health Organization (WHO),2/17/25,"ğŸ«˜ The food we eat. ğŸ« The air we breathe. ğŸš° The water we drink. ğŸŒ† The environment we live in.ğŸ”¥ Climate change, plastic pollution and destruction of natural habitats. All of these impact our health. Health For All: means protecting nature ğŸŒğŸŒğŸŒ",In-favor,1500,1200,0,3,16,3,100,206,265,504
Facebook,Climate Change,Recommended,,,Mark Farnham,2/22/25,"Climate change junk is fraud/money laundering.  Money train is taxpayer to gov't to a ""climate study"" NGO to ""climate research"" bank account. A pseudo-scientific paper or news article might come out of it, at the cost of several $million.  The rest disappears and the NGO is dissolved.",Against,0,0,0,0,0,0,0,0,0,0
Facebook,Climate Change,Recommended,,,PBS NewsHour,2/6/25,"In a series of actions, President Trump is following through on his promise not just to ramp up oil and gas production, but to sharply curtail any effort to deal with climate change. ",In-favor,367,35,45,262,14,3,0,8,187,65
Facebook,Climate Change,Recommended,,,CSIS | Center for Strategic & International Studies,2/22/25,"""As one of the nations most affected by climate change, Kenya has embraced the challenge of the climate crisis, taking a proactive, research-driven approach to crafting policies."" The CSIS Africa Program explores Kenyaâ€™s green leadership in a new report: ",In-favor,1,1,0,0,0,0,0,0,0,0
Facebook,Climate Change,Recommended,,,Bloomberg,2/21/25,The plan illustrates a gap in financing for climate adaptation that's estimated at as much as $359 billion a year. ,In-favor,4,2,1,0,0,0,1,0,1,1
Facebook,Climate Change,Recommended,,,Sky News Australia ,2/15/25,Geologist Ian Plimer says Climate Change and Energy Minister Chris Bowen is â€œsupporting Chinaâ€ through his push towards renewables as they are being supported at Australiaâ€™s expense.,Off-topic,984,826,5,94,17,10,32,0,334,261
Facebook,Climate Change,Recommended, #ClimateScience,,Environment and Climate Change,1/15/25,"Today we released our first-ever publicly available annual global temperature forecast, predicting that 2025 will be warmer than every year on record prior to 2023. ğŸŒ¡ï¸ Global efforts to track and predict #ClimateChange provide critical data to governments, researchers and communities world-wide to build climate resilience. Canadaâ€™s #ClimateScience highlights the urgent need to transition to a greener, more prosperous low-carbon economy both in Canada and abroad. ğŸŒ Learn more: https://ow.ly/V6LG50UH0oB",In-favor,69,35,8,1,14,1,9,1,32,38
Facebook,Climate Change,Recommended,,,Severson Dells Nature Center,2/22/25,"Climate change presents many serious challenges, including more frequent extreme heat and flooding from heavy precipitation. However, there are effective solutions to mitigate and adapt to climate change, from individual action to systemic change. Join us as we review climate change - present and future - in Illinois and actions to take to solve these tremendous challenges.  Registration is required and seating is limited so sign up early to save your spot! Register at https://seversondells.app.neoncrm.com/.../event.jsp...",In-favor,4,4,0,0,0,0,0,0,0,2
Facebook,Climate Change,Recommended,,,Ged Kearney ,2/21/25,"Climate action isnâ€™t just policyâ€”itâ€™s about people. Itâ€™s about protecting our homes from floods and fires, keeping our air clean, and making sure our kids inherit a liveable planet. Action on climate change is about ensuring an equitable future. Thatâ€™s why I believe climate values are Labor values. Read about Labor Environment Action Network here: https://www.theguardian.com/.../eight-labor-climate...",In-favor,52,33,0,0,6,0,2,11,9,4
Facebook,Gun Control,Gun Control,,,KOAA 5,2/19/25,GUN CONTROL BILL PASSES SENATE: Those behind the amended bill believe it will make Colorado safer. Those against it believe it is turning a right into a privilege.,Neutral,406,76,4,288,9,5,0,24,299,25
Facebook,Gun Control,Recommended,#NSSF #RepRobertGarcia #SecondAmendment,,NSSFâ€”The Firearm Industry Trade Association ,2/22/25,Congressman Robert Garcia (D-Calif.) reminded the country last week why the Second Amendment is so vital to the United States. The former Long Beach mayor called on the Democratic Party to â€œbring actual weaponsâ€ in the â€œfight for democracy.â€ These same lawmakers scratch their heads and wonder why NSSF and others wonâ€™t â€œcompromiseâ€ with their gun-grabbing scheme. https://www.nssf.org/.../gun-control-lawmaker-makes.../ #NSSF #RepRobertGarcia #SecondAmendment,Against,296,75,2,163,22,31,0,3,90,78
Facebook,Gun Control,Recommended,,,Henrico Citizen,2/22/25,"Virginia Democrats advanced a series of gun control bills this legislative session that are now headed to the governorâ€™s office. Gov. Glenn Youngkin is expected to veto the restrictions, however, as he has in previous years. ",Neutral,4,2,0,2,0,0,0,0,3,2
Facebook,Gun Control,Recommended,,,American Bar Association,2/22/25,"In Garland v. VanDerStok, the U.S. Supreme Court weighs the question: Does the Gun Control Act of 1968 authorize the Bureau of Alcohol, Tobacco, Firearms and Explosives to regulate â€œghost gunsâ€? Read more about the case: https://ambar.org/ew1wbnp9",Neutral,9,9,0,0,0,0,0,0,1,2
Facebook,Gun Control,Recommended,,,The Denver Post,2/18/25,"The gun control and labor union bills now head to the House, where both already have sufficient support to clear the chamber and head for Gov. Jared Polisâ€™ desk. ",Neutral,184,85,3,73,6,1,0,16,208,4
Facebook,Gun Control,Recommended,#NSSF #DOGE #guncontrol #PresidentTrump #POTUS,,NSSFâ€”The Firearm Industry Trade Association ,2/22/25,"President Trump is delivering on his promise to break open the secretive spending habits of government officials. It is exactly what voters wanted, and frankly, expected. The results, however, have been jaw-dropping. Gun control proponents have been smashing open the government piggy bank to swipe dollars for their pet gun control projects.https://www.nssf.org/.../suspicions-confirmed-taxpayer.../ #NSSF #DOGE #guncontrol #PresidentTrump #POTUS",Against,79,21,2,53,1,2,0,0,6,26
Facebook,Gun Control,Recommended,#NSSF #DOGE #guncontrol #PresidentTrump #POTUS,,NSSFâ€”The Firearm Industry Trade Association ,2/22/25,"President Trump is delivering on his promise to break open the secretive spending habits of government officials. It is exactly what voters wanted, and frankly, expected. The results, however, have been jaw-dropping. Gun control proponents have been smashing open the government piggy bank to swipe dollars for their pet gun control projects.https://www.nssf.org/.../suspicions-confirmed-taxpayer.../ #NSSF #DOGE #guncontrol #PresidentTrump #POTUS",Against,79,21,2,53,1,2,0,0,6,26
Facebook,Gun Control,Recommended,,,The Denver Post,2/18/25,"The gun control and labor union bills now head to the House, where both already have sufficient support to clear the chamber and head for Gov. Jared Polisâ€™ desk. ",Neutral,184,85,3,73,6,1,0,16,208,4
Facebook,Gun Control,Recommended,,,Joey Waldrop,2/22/25,Actually gun control is racist,Against,0,0,0,0,0,0,0,0,0,0
Facebook,Gun Control,Recommended,,,Joey Waldrop,2/22/25,Actually gun control is racist,Against,0,0,0,0,0,0,0,0,0,0
Facebook,Gun Control,Recommended,,,San Antonio Express-News,2/22/25,San Antonioâ€™s The Lucky Duck was one of five establishments â€” including the State Fair of Texas â€” Attorney General Ken Paxton sued over gun bans earlier this year.,Neutral,1,0,0,0,0,1,0,0,1,1
Facebook,Gun Control,Recommended,,,Cowlitz County Democrats ,2/22/25,"Jim Walsh's post this evening...we invite rebuttal. Friday Q&A (2/21/25). Policy cutoff day--the first major internal deadline of the current legislative session in Olympia. After today, we have a clearer idea of what the rest of the session will be like. 1) According to the WA Department of Commerce, the partisan lobbying group Alliance for Gun Responsibility received $102,000 in state government grants. Why would a private gun control lobbying organization, supported by wealthy donors, need state/public money? 2) Are you aware that the WA Dept of Commerce's Office of Homeless Youth ""Protected Healthcare Work Group"" is paying teenagers $57 an hour if they ""self identify"" as ""trans+"" and go on a Zoom meeting? 3) Seriously, can we recall Reykdal as State School Superintendent? He's clearly trying to provoke a fight with the White House. 4) A local mayor [in Clark County] is passing out ""red cards"" telling illegal immigrants how to trick ICE agents. I'm worried ICE agents might get hurt if they come to this area. Is there any way you can let ICE know? 5) I'm concerned about the whole Transportation Budget and how unfair it is to rural citizens. No exemptions for agricultural off-road travel, transponders to track movement, etc. How can these money grubbers be stopped? 6) Please help passing any of the bills that repeal HB 1227/""Families Together Act."" It went too far and tied CPS's hands. Littles are dying, getting hurt and CPS can't do anything. Will you help? 7) Is there ANY chance School Choice becomes law here in WA? I think it's our best chance at real reform. Answers in the video. Resist tyranny. Do it happily. Our beautiful state deserves to be defended by free people. Remember: Peaceful non-compliance with bad government action is a powerful tool for change. @topfans",Against,6,2,0,4,0,0,0,0,10,0
Facebook,Gun Control,Recommended,,,Joshua Howe,2/22/25,"So I just went into Google and typed in ""Biden saying he's coming for your guns"". The first two sites listed were fact checkers. Then the third one popped up a YouTube video and it was the video from the posts screenshot so I watched it. He most definitely did says he's ""coming for'em"". Straight from the horses mouth. And Harris is recorded saying she would too, and supports buy back programs, etc. And he also says he's gonna take away AR15s. That's a gun. He claimed to be pro 2nd because supports gun control??? That's not how it works.  Much like democrats say they uphold the Constitution nut I've posted a few of them saying they want to get rid of Free Speech. Yea, yall sound so versed in the Constitution all right.",Against,0,0,0,0,0,0,0,0,1,0
Facebook,Gun Control,Recommended,,,David Dick,2/21/25,"An elected member of Congress, who champions Orwellian 'gun control' to supposedly curb violence, is now urging the Democrat party to bring 'actual weapons' for 'an actual fight for democracy.' This use of the term 'actual weapons' by him and his organization, who are free to possess and use guns for violent purposes, starkly contrasts with their legislative efforts to deny the People's right to bear arms for self-defense. This denial is particularly alarming in the face of their stated insurrection plans, highlighting the urgent need to protect self-defense rights.",Against,0,0,0,0,0,0,0,0,0,0
Facebook,Gun Control,Recommended,,,USCCA ,2/17/25,Illinoisâ€™ Gun Control Law Crumblesâ€”FOID Card Ruled Unconstitutional Again!P.S. - Free Concealed Carry Map â¬‡ï¸Reveal the firearm laws In your state and the ones youâ€™re traveling to >> https://uscca.co/nO5Y,Against,319,308,0,1,0,2,0,8,46,29
Facebook,Gun Control,Recommended,,,MSNBC ,9/17/24,"""Weâ€™re not trying to take anybodyâ€™s guns away from them but we do need an assault weapons ban.â€ Vice President Kamala Harris talks about gun control with the National Association of Black Journalists.",In-favor,1100,688,2,23,205,5,5,211,1300,159
Facebook,Gun Control,Recommended,,,Jerry Croucher,2/22/25,Gun control. It's promise is to reduce crime. But look at the end stage. England has had gun control for a long time. Long enough that American citizens sent them their old hunting rifles to defend the island should Germany invade. They did so because their English population didn't have very many guns of any kind. But what about the promise of reduced crime. Take away the tools but leaving the criminals on the street and you still have crime. But the tools change.,Against,0,0,0,0,0,0,0,0,0,0
Facebook,Gun Control,Recommended,,,Sally Smith,2/22/25,"So very sad ğŸ˜­ Though unrelated ,  I hope congress & potus can agree to extend telehealth visits until gun control regulations in place. First our kids, now healthcare workers and police. ğŸ˜­ğŸ˜­ğŸ˜­ğŸ’™",In-favor,4,0,4,0,0,0,0,0,1,0
Facebook,Gun Control,Recommended,,,Jerry Croucher,2/22/25,Gun control. It's promise is to reduce crime. But look at the end stage. England has had gun control for a long time. Long enough that American citizens sent them their old hunting rifles to defend the island should Germany invade. They did so because their English population didn't have very many guns of any kind. But what about the promise of reduced crime. Take away the tools but leaving the criminals on the street and you still have crime. But the tools change.,Against,0,0,0,0,0,0,0,0,0,0
Facebook,Gun Control,Recommended,,,Darby Perrin,2/22/25,"Here's the tolerant left, not getting their way...",Against,3,0,0,3,0,0,0,0,3,0
Facebook,Gun Control,Recommended,,,Sally Smith,2/22/25,"So very sad ğŸ˜­ Though unrelated ,  I hope congress & potus can agree to extend telehealth visits until gun control regulations in place. First our kids, now healthcare workers and police. ğŸ˜­ğŸ˜­ğŸ˜­ğŸ’™",In-favor,4,0,4,0,0,0,0,0,1,0
Facebook,Gun Control,Recommended,,,Calida Troxell,2/22/25,"I agree with Mr Smith. I still think Larimer County should have elected Jeff Fisher. This is going to get interesting.At a retired sheriff who spent 30 plus years defending his community, I have to say, this latest gun control bill going through the Colorado state legislature is the worst Iâ€™ve seen-Full stop. Having read through the bill thoroughly, I can attest it will create an utter minefield for law abiding Coloradans. Itâ€™s another example of the progressive left legislature spiking the ball, because they can. This bill was framed as a way to â€œfixâ€  the ineffective and defective magazine ban passed by the legislature in 2012. This bill will only be worse as it will punish current residents by restricting them from purchasing firearms that future residents will be able to bring into the state without restriction. What sense does that make? The latest iteration of the bill requires the completion of a training program on handling a semiautomatic firearm in order to purchase certain semiautomatic firearms. To be clear, no mass murder occurred because the killer lacked firearms training.  Further, this bill attempts to establish sheriffs as the gatekeeper to your ability to simply exercise your right to possess many commonly used firearms for the defense of you and your family by requiring you to seek a firearms possession license through the sheriff to purchase certain firearms in the future. I predict if this goes through and is signed into law, there may very likely be a sizeable number of Colorado sheriffs who simply refuse to play along with a regulatory scheme they sincerely believe is an affront to the constitution they took an oath to uphold. If sheriffs are forced to choose between upholding the constitution they swore an oath to protect or blindly enforcing an arguably unconstiutional  regulatory scheme passed by the legislature, the choice will be clear.  That my friends will set up a massive showdown between Coloradoâ€™s governor and attorney general and many of the 62 county sheriffs across the state. Keep in mind, only the citizens of the county can choose their sheriffs and only the citizens of the county can remove their sheriffs. My question is this - Is the governor prepared to sign a bill that will likely create a constitutional showdown that would draw national attention to his state or will he stand up to the gun control lobby in his party and say enough is enough? I truly hope itâ€™s the second option. As a post script- Reading through the bill thoroughly, it occurred to me that the bill restricts Colorado residents who are American citizens from possessing firearms that it will allow to be possessed by certain non-US citizens and those sponsoring this bill most likely have no idea what Iâ€™m speaking of because they donâ€™t understand their own law. Let that sink in.",Against,5,5,0,3,0,0,0,0,2,0
Facebook,Gun Control,Recommended,,,Illinois Gun Owners Together - IGOT (Public Group),2/22/25,"Did you ever have questions about the Fast and Furious gun running case? Here's a very detailed description of what the ATF did. This is a must see video if you despise the feds and their ""wisdom."" You will learn alot from this video. And to any antigun people who read this post, this is reason number 1001 why gun control is just stupid and the idiots are running the asylum. I'd assume a few feds are good people but not these buffoons! (Link below)",Against,12,10,0,0,1,1,0,0,4,1
Facebook,Gun Control,Recommended,,,Ayden News Now,2/22/25,"STOP PITT CO. SHOOTING ORDINANCE OVERREACH â˜†â˜†â˜†â˜†â˜†â˜†â˜†â˜†â˜†â˜†â˜† https://grnc.org/.../stop-pitt-co-shooting-ordinance.../OKAY MY FRIENDS HERE WE GO AGAIN! WE NEED EVERYONE TO ATTEND THE PITT COUNTY COMMISSIONERS MEETING AT 6PM THIS MONDAY. THEY WILL OFFER US A CHANGED PROPOSAL FOR A NEW GUN CONTROL ORDINANCE AND THINK WE ARE SUPPOSED TO ACCEPT IT! ALL IT IS, IS CHIPPING AWAY AT YOUR FREEDOMS AND CONSTITUTIONAL RIGHTS. THE MORE YOU LET THEM WIN THE MORE THEY WILL KEEP TAKING. WE HAVE MORE THAN ENOUGH GUN LAWS ON THE BOOKS NOW. JUST TELL THEM TO ENFORCE WHAT ALLREADY HAVE AND QUIT TAKING AWAY OUR RIGHTS WITH MORE NEW LAWS. WE DON'T NEED ANYMORE NEW LAWS!!! HOPE TO SEE EVERYONE THERE. IF YOU CANT MAKE IT PLEASE EMAIL ALL THE COMMISIONERS AND PROTEST!!",Against,0,0,0,0,0,0,0,0,0,0
Facebook,Gun Control,Recommended,#SitdownStrike #GoodTrouble #JohnLewis #Democrats #trumpmuskcoup,,Carla F. Ward,2/22/25,"Democrats should stage a sitdown strike in Congress, and EVERY Democrat should participate. John Lewis did this a few years ago for gun control. People showed up on the grounds of Capitol Hill to support their legislators, and they came out periodically to address their supporters. It was dramatic and drew attention. What if they did it for this unfolding Trump/Musk coup John Lewis cut his teeth on Civil Rights protests. He was almost killed at Selma. He used to promote ""good trouble"" as a way of drawing people's attention to injustice. Why shouldn't the Democrats do this? Why not do something dramatic to show their unity in the face of the disaster Trump is inflicting on this country #SitdownStrike #GoodTrouble #JohnLewis #Democrats #trumpmuskcoup",In-favor,17,13,0,0,0,0,0,4,0,2
Facebook,Gun Control,Recommended,,,Steven Churchill,2/22/25,Hey folks! Just a reminder of how your tax dollars are being Illegally used to strip you of your Constitutional rights and freedoms!,Against,1,0,0,0,0,1,0,0,0,0
Facebook,Gun Control,Recommended,,,OmniGlobe Report ,2/22/25,"The Bureau of Alcohol, Tobacco, Firearms and Explosives (ATF) â€“ often called ""Americaâ€™s most controversial law enforcement agency"" â€“ has quietly become a central player in shaping U.S. gun policy through its expanding regulatory reach and high-stakes investigations. From Tax Collectors to Crime Fighters Originally founded in 1886 as a tax enforcement unit within the Treasury Department, todayâ€™s ATF boasts 5,285 employees and a $1.5 billion budget focused on combating firearm-related violence....",Neutral,0,0,0,0,0,0,0,0,0,0
Facebook,Gun Control,Recommended,,,NRA Institute for Legislative Action,12/10/24,"The gun control measures pushed by far-left politicians arenâ€™t about improving public safety, but instead diminish the Second Amendment rights of law-abiding gun owners. See how anti-gun politicians look the other way on crime while targeting YOU: https://www.nraila.org/.../hunter-biden-pardon-makes-a...",Against,2100,1700,21,343,44,11,3,13,616,678
Facebook,Gun Control,Recommended,,,Brandi Kruse,1/8/25,Here is everything you need to know about the gun-control bills being debated in Olympia this year.,Against,179,120,0,52,0,4,0,3,49,58
Facebook,Gun Control,Recommended,,,Brandi Kruse,1/8/25,Here is everything you need to know about the gun-control bills being debated in Olympia this year.,Against,179,120,0,52,0,4,0,3,49,58
Facebook,Gun Control,Recommended,,,Alyssa Fenwick,2/22/25,Good think we're working on shitting on human beings instead of IDK some gun control,In-favor,0,0,0,0,0,0,0,0,4,0
Facebook,Gun Control,Recommended,#2ARights #DefendTheConstitution #FreedomNotControl,,Ophidian Tactical Solutions,2/22/25,"ğŸ“œ Gun Control Weakens Our Constitution ğŸ”« The Second Amendment isnâ€™t a suggestionâ€”itâ€™s a guarantee. Every gun restriction is a step toward undermining the very foundation of our freedoms. A government that chips away at one right wonâ€™t stop there. If they can weaken the Second, whatâ€™s next? Defend the Constitution. Protect your rights. Shall not be infringed. #2ARights #DefendTheConstitution #FreedomNotControl",Against,0,0,0,0,0,0,0,0,0,1
Facebook,Gun Control,Recommended,,,NRA Institute for Legislative Action,12/10/24,"The gun control measures pushed by far-left politicians arenâ€™t about improving public safety, but instead diminish the Second Amendment rights of law-abiding gun owners. See how anti-gun politicians look the other way on crime while targeting YOU: https://www.nraila.org/.../hunter-biden-pardon-makes-a...",Against,2100,1700,21,343,44,11,3,13,616,678
Facebook,Gun Control,Recommended,,,Brandi Kruse,1/8/25,Here is everything you need to know about the gun-control bills being debated in Olympia this year.,Against,179,120,0,52,0,4,0,3,49,58
Facebook,Gun Control,Recommended,,,PBS NewsHour,8/22/24,"WARNING: Descriptions of gun violence. Advocates for gun control and violence prevention, including Georgia Rep. Lucy McBath, spoke Thursday on the final night of the Democratic National Convention in Chicago. https://to.pbs.org/3ABb8OW",Neutral,120,53,3,1,8,0,44,11,91,4
Facebook,Universal Health Care,Universal Health Care,#UniversalHealthcare,,Lee Turner,2/20/25,The folks abruptly losing federal jobs are also losing healthcareğŸ˜¡ #UniversalHealthcare,In-favor,106,40,15,51,0,0,0,0,11,13
Facebook,Universal Health Care,Recommended,#KABAYANPartylist #120KABAYANPartylist #UniversalHealthCare #KalusuganParaSaLahat,,Ron Salo,2/18/25,"ğŸ¥ Universal Health Care: More Affordable Healthcare for All! One of the landmark legislations pushed by the KABAYAN Partylist in Congress is the Universal Health Care Act (RA 11223)â€”a law that ensures all Filipinos have automatic PhilHealth coverage and access to quality medical service ğŸ“Œ As we advance the Universal Health Care Act in Congress, we learned the following: âœ… PhilHealth Coverage for All âœ… No Balance Billing (NBB) in Basic or Ward Accommodation âœ… Wider Coverage of Medical Services âœ… More Effective Health Networks Led by LGUs ğŸ“– Read the primer of the Universal Health Care Act to know the more detailed benefits of the law and how it can help every Filipino. ğŸ’¡ The KABAYAN Partylist continues to lead the way in promoting more effective and inclusive Universal Health Care. Let's make sure together that no Filipino will be left behind in the health service! ğŸ—³ï¸ Support #120KABAYANPartylist for quality and affordable healthcare for all! #KABAYANPartylist #120KABAYANPartylist #UniversalHealthCare #KalusuganParaSaLahat",In-favor,46,21,0,0,0,1,0,24,5,24
Facebook,Universal Health Care,Recommended,#SenatePH #PhilippineSenate #SenadoNgPilipino,,Senate of the Philippines,7/30/24,"ğ—¨ğ—¡ğ—ğ—¨ğ—¦ğ—§ğ—œğ—™ğ—œğ—˜ğ——' ğ—¨ğ—¦ğ—˜ ğ—¢ğ—™ ğ—£ğ—›ğ—œğ—Ÿğ—›ğ—˜ğ—”ğ—Ÿğ—§ğ—› ğ—™ğ—¨ğ—¡ğ——ğ—¦ Sen. Risa Hontiveros expressed alarm over a recent Department of Finance (DOF) issuance prompting the use of excess Philippine Health Insurance Corporation (PhilHealth) funds for other purposes. During the hearing of the Committee on Health and Demography Tuesday, July 30, 2024, Hontiveros said the memorandum circular issued by the DOF requiring the return of idle PhilHealth funds compromises the implementation of the Universal Health Care (UHC) Act. She stressed that under Republic Act No. 11223, no PhilHealth fund or income shall accrue to the general fund of the national government. The move, Hontiveros said, was ""unjustified, and could potentially compromise the rights and interest of every Filipino to quality, accessible and affordable health care.""  (ğŸ“¸Voltaire F. Domingo / Senate Social Media Unit) #SenatePH #PhilippineSenate #SenadoNgPilipino",In-favor,264,134,0,3,57,0,6,64,60,43
Facebook,Universal Health Care,Recommended,#Medicare4All #SinglePayer #healthcare #Pennsylvania #healthcare4allpa #MedicalDebt #community #politics #UniversalHealthcare #denydefenddepose #healthinsurance #PublicHealth #compassion #CompassionInCare,,HealthCare4ALLPA,2/15/25,"It doesnâ€™t matter how advanced health care is if itâ€™s not accessible to the public. We need a system rooted in compassion, not profiteering. We need Single Payer health care. #Medicare4All #SinglePayer #healthcare #Pennsylvania #healthcare4allpa #MedicalDebt #community #politics #UniversalHealthcare #denydefenddepose #healthinsurance #PublicHealth #compassion #CompassionInCare",In-favor,13,11,0,0,0,0,0,2,3,8
Facebook,Universal Health Care,Recommended,#benchmarkingSoccsksargenRegion #DepartmentOfHealthSoccsksargen #UniversalHealthcare #ProvinceOfSouthCotabato #DepartmentofHealthCaragaRegion #PriovincialHealthOfficeSurigaoDelNorte,,PJonah Lis ,2/20/25,"We would like to extend our heartfelt gratitude to the DEPARTMENT OF HEALTH-SOCCSKSARGEN region and Provincial Government of South Cotabato for warmly welcoming us during our benchmarking on UNIVERSAL HEALTH CARE (UHC). Your generosity, expertise, and commitment to improving healthcare services have provided us with invaluable insights and best practices that will greatly contribute to our province Surigao Del Norte and Caraga Region as a whole. The dedication of your healthcare professionals and leaders is truly inspiring, and we deeply appreciate the opportunity to learn from your experiences. Thank you for your hospitality and for sharing your knowledge with usâ€”we look forward to applying these lessons to enhance healthcare in our own community. #benchmarkingSoccsksargenRegion #DepartmentOfHealthSoccsksargen #UniversalHealthcare #ProvinceOfSouthCotabato #DepartmentofHealthCaragaRegion #PriovincialHealthOfficeSurigaoDelNorte",In-favor,24,9,0,0,0,0,0,15,0,0
Facebook,Universal Health Care,Recommended,#KABAYANPartylist #120KABAYANPartylist #UniversalHealthCare #KalusuganParaSaLahat,,Ron Salo,2/18/25,"ğŸ¥ Universal Health Care: More Affordable Healthcare for All! One of the landmark legislations pushed by the KABAYAN Partylist in Congress is the Universal Health Care Act (RA 11223)â€”a law that ensures all Filipinos have automatic PhilHealth coverage and access to quality medical service ğŸ“Œ As we advance the Universal Health Care Act in Congress, we learned the following: âœ… PhilHealth Coverage for All âœ… No Balance Billing (NBB) in Basic or Ward Accommodation âœ… Wider Coverage of Medical Services âœ… More Effective Health Networks Led by LGUs ğŸ“– Read the primer of the Universal Health Care Act to know the more detailed benefits of the law and how it can help every Filipino. ğŸ’¡ The KABAYAN Partylist continues to lead the way in promoting more effective and inclusive Universal Health Care. Let's make sure together that no Filipino will be left behind in the health service! ğŸ—³ï¸ Support #120KABAYANPartylist for quality and affordable healthcare for all! #KABAYANPartylist #120KABAYANPartylist #UniversalHealthCare #KalusuganParaSaLahat",In-favor,46,21,0,0,0,1,0,24,5,24
Facebook,Universal Health Care,Recommended,#MedicareForAll #UniversalHealthcare,,Rebecca AL,2/20/25,"Dystopian events repackaged as feel-good stories. CNN  A teacher battlimg cancer ran out of sick days, so school employees showed him with theirs cnn.it/2nFZCO  Will Fisher What if - hear me out - we didn't have a system that required a person battling cancer to rely on the generosity of their colleagues for sick days?",In-favor,119,80,7,2,0,0,3,17,3,37
Facebook,Universal Health Care,Recommended,,,U.S. Senator Bernie Sanders,12/27/18,"It was true in 1993 and it is true now: the time is long, long overdue for the United States to join the rest of the industrialized world and have a universal health care system.",In-favor,10253,10000,49,42,27,135,0,2000,1100,7100
Facebook,Universal Health Care,Recommended,,,Liberal Party of Canada | Parti libÃ©ral du Canada,1/29/25,"Our universal health care system, the Canada Pension Plan, and our Canadian flag are all reminders of Lester B. Pearson's enduring legacy.  On March 9, Liberals will choose our next leader â€“ and shape the future of our party and country. Join us: lpc.ca/2025leadership",In-favor,291,159,0,2,103,1,1,25,307,37
Facebook,Universal Health Care,Recommended,#medicareforall #trump #usa #healthinsurance #universalhealthcare,,National Improved Medicare for All,2/23/25,"Affordable health care helps keep Americans healthy, debt-free, AND saves money in the long run. We need better and expanded Medicaid. Not. Cuts. #medicareforall #trump #usa #healthinsurance #universalhealthcare",In-favor,1,1,0,0,0,0,0,0,2,3
Facebook,Universal Health Care,Recommended,#Universalhealthcare #Denmark,,Jean Quan,11/2/25,"Iâ€™m glad that our friends in #Denmark can face our bullying President with a sense of humor. They are offering a -$1 trillion. #Universalhealthcare is a tempting offer. Via @NoLieWithBTC â€œThousands of Danish citizens are launching an effort to buy California as a response to Trumpâ€™s attempt to take Greenland. They say they will provide Californians with â€œrule of law, universal health care, fact-based politics, and a lifetime supply of Danish pastries.â€",In-favor,32,19,0,0,11,0,0,2,5,14
Facebook,Universal Health Care,Recommended,#MedicareForAll #UniversalHealthcare,,Rebecca AL,2/20/25,"Dystopian events repackaged as feel-good stories. CNN  A teacher battlimg cancer ran out of sick days, so school employees showed him with theirs cnn.it/2nFZCO  Will Fisher What if - hear me out - we didn't have a system that required a person battling cancer to rely on the generosity of their colleagues for sick days?",In-favor,119,80,7,2,0,0,3,17,3,37
Facebook,Universal Health Care,Recommended,,,National Improved Medicare for All,2/19/25,"About 70% of the world has universal healthcare; every developed nation has it, except the United States.",In-favor,4,2,0,2,0,0,0,0,1,2
Facebook,Universal Health Care,Recommended,,,Liberal Party of Canada | Parti libÃ©ral du Canada,1/29/25,"Our universal health care system, the Canada Pension Plan, and our Canadian flag are all reminders of Lester B. Pearson's enduring legacy.  On March 9, Liberals will choose our next leader â€“ and shape the future of our party and country. Join us: lpc.ca/2025leadership",In-favor,291,159,0,2,103,1,1,25,307,37
Facebook,Universal Health Care,Recommended,,,National Improved Medicare for All,2/12/25,"WASHINGTON  The Washington Health Trust SB5233  /HB1445 needs a hearing.  Call your Representatives 800-562-6000. ATTN: WA Voters! Help get the WA state universal healthcare bill out of committee by calling your state reps asap! https://app.leg.wa.gov/districtfinder // If put into effect, individuals would no longer have to pay deductibles, premiums, co-pays, medical bills or out-of-network charges for health care coverage, according to Whole Washington, the organization behind the Washington Health Trust initiative. Prescriptions would be capped at a maximum of $250 per year. People would also be able to see any doctor they wish â€” there would be no provider networks under the trust. Health care delivery would remain largely in private hands.//",In-favor,2,2,0,0,0,0,0,0,0,0
Facebook,Universal Health Care,Recommended,,,U.S. Senator Bernie Sanders,9/7/20,"The ""radical idea"" of universal health care is a reality in: Australia, Austria, Belgium, Canada, Chile, Czech Republic, Denmark, Finland, France, Germany, Greece, Hungary, Iceland, Israel, Italy, Japan, Netherlands, New Zealand, Norway, Poland, Portugal, South Korea, Spain, Sweden, Switzerland, Turkey, and the United Kingdom.",In-favor,70608,58000,206,52,170,328,852,11000,8500,21000
Facebook,Universal Health Care,Recommended,#Universalhealthcare #Denmark,,Jean Quan,11/2/25,"Iâ€™m glad that our friends in #Denmark can face our bullying President with a sense of humor. They are offering a -$1 trillion. #Universalhealthcare is a tempting offer. Via @NoLieWithBTC â€œThousands of Danish citizens are launching an effort to buy California as a response to Trumpâ€™s attempt to take Greenland. They say they will provide Californians with â€œrule of law, universal health care, fact-based politics, and a lifetime supply of Danish pastries.â€",In-favor,32,19,0,0,11,0,0,2,5,14
Facebook,Universal Health Care,Recommended,,,"Philippine Physical Therapy Association, Inc. ",9/17/24,"JUST IN: APPROVED 7 CPD UNITS (VIRTUAL) FOR PHYSICAL THERAPY 1ST HEALTH CARE PROFESSIONAL SUMMIT FOR HEALTHY AND DIGITAL PILIPINAS The Council of Professional Health Associations (COPHA) together with PMA Foundation for Professional Medical Advancement and Digital Pilipinas invites you to the 1st Health Care Professional Summit for Healthy and Digital Pilipinas with the theme ""Universal Health Care, Health for All"" aims to address the significant challenges in public health that persist despite notable strides in digital health. This event will serve as a platform providing an ideal opportunity for exchanging ideas, sharing best practices, and fostering collaboration for the successful implementation of Universal Health Care. Please click the link to register https://forms.gle/2RyUnwJCQAeLBY3x8 WHEN: September 23,2024, Monday , 8:30 AM - 5:00PM WHERE: Asian Institute of Management (AIM ) Conference Center Del Rosario Foundation Building, Benavidez Street corner Trasierra Street, Legaspi Village, Makati City For any inquiries, you may send it thru email: healthcareprofessionalsummit@gmail.com",In-favor,295,135,0,0,0,1,2,157,52,64
Facebook,Universal Health Care,Recommended,,,National Improved Medicare for All,12/30/24,"From Ira Dember:  Carter's corrupt successor, Ronald Reagan -- a forgettable Hollywood actor -- had earlier colluded with the AMA in ""Operation Coffee Cup"" to help kill universal healthcare. Later, to defeat Carter and become president, Reagan committed treason.  [ Hartmann, Aug 2023: ] During the Carter/Reagan election battle of 1980, then-President Carter had reached a deal with newly-elected Iranian President Abdolhassan Bani-Sadr to release the fifty-two hostages held by students at the American Embassy in Tehran.Bani-Sadr was a moderate and, as he explained in an editorial for The Christian Science Monitor, successfully ran for President that summer on the popular position of releasing the hostages: â€œI openly opposed the hostage-taking throughout the election campaignâ€¦. I won the election with over 76 percent of the voteâ€¦. Other candidates also were openly against hostage-taking, and overall, 96 percent of votes in that election were given to candidates who were against it [hostage-taking].â€ Carter was confident that with Bani-Sadrâ€™s help, he could end the embarrassing hostage crisis that had been a thorn in his political side ever since it began in November of 1979. But behind Carterâ€™s back, the Reagan campaign worked out a deal with the leader of Iranâ€™s radical faction â€” Supreme Leader Ayatollah Khomeini â€” to keep the hostages in captivity until after the 1980 Presidential election. Khomeini needed spare parts for American weapons systems the Shah had purchased for Iran, and Reagan was happy to promise them (...) The Reagan campaignâ€™s secret negotiations with Khomeini â€” the so-called â€œOctober Surpriseâ€ â€” sabotaged President Carterâ€™s and Iranian President Bani-Sadrâ€™s attempts to free the hostages. As President Bani-Sadr told The Christian Science Monitor in March of 2013: â€œAfter arriving in France [in 1981], I told a BBC reporter that I had left Iran to expose the symbiotic relationship between Khomeinism and Reaganism. â€œAyatollah Khomeini and Ronald Reagan had organized a clandestine negotiation, later known as the â€˜October Surprise,â€™ which prevented the attempts by myself and then-US President Jimmy Carter to free the hostages before the 1980 US presidential election took place. The fact that they were not released tipped the results of the election in favor of Reagan.â€ And Reaganâ€™s treason â€” just like Nixonâ€™s treason â€” worked perfectly. The Iran hostage crisis continued and torpedoed Jimmy Carterâ€™s re-election hopes. And the same day Reagan took the oath of office â€” to the minute, as Reagan put his hand on the bible, by way of Iranâ€™s acknowledging the deal â€” the American hostages in Iran were released. Keeping his side of the deal, Reagan began selling the Iranians weapons and spare parts in 1981, and continued until he was busted for it in 1986, producing the so-called â€œIran Contraâ€ scandal. But, like Nixon, Reagan was never held to account for the criminal and treasonous actions that brought him to office.",In-favor,12,7,0,4,0,1,0,0,1,8
Facebook,Universal Health Care,Recommended,,,U.S. Senator Bernie Sanders,4/11/20,"Remember: our ""crazy idea"" of universal health care is a reality in Australia, Austria, Belgium, Canada, Chile, Czech Republic, Denmark, Finland, France, Germany, Greece, Hungary, Iceland, Israel, Italy, Japan, Netherlands, New Zealand, Norway, Poland, Portugal, South Korea, Spain, Sweden, Switzerland, Turkey, and the United Kingdom.",In-favor,48055,40000,396,41,110,108,0,7400,5400,6800
Facebook,Universal Health Care,Recommended,#UniversalHealthCare #UnitedHealthcare #UnitedHealthcareInvestigation #MedicareAdvantagePlans,,Donna Visco,2/22/25,"The Justice Department has launched an investigation into UnitedHealth Groupâ€™s UNH -7.17%decrease; red down pointing triangle Medicare billing practices in recent months, people familiar with the matter said. The new civil fraud investigation is examining the companyâ€™s practices for recording diagnoses that trigger extra payments to its Medicare Advantage plans, including at physician groups the insurance giant owns.  A series of articles in The Wall Street Journal last year showed that Medicare paid UnitedHealth billions of dollars for questionable diagnoses. Attorneys with the Justice Department as recently as Jan. 31 interviewed medical providers named in the articles. In the Medicare Advantage system, insurers get lump-sum payments from the federal government to oversee enrolleesâ€™ Medicare benefits. When patients have certain diagnoses, the payments go up, creating an incentive to diagnose more diseases.  The Medicare billing investigation adds to the scrutiny on UnitedHealth, the $400 billion company that owns the largest U.S. health insurer and a sprawling network of other health-industry assets including its doctor practices, a large pharmacy-benefit manager and data and technology operations",In-favor,0,0,0,0,0,0,0,0,2,0
Facebook,Universal Health Care,Recommended,,,Everett Herald ,2/10/25,Proponents say providing health care for all is a â€œfundamental human right.â€ Opponents worry about the cost of implementing it.,In-favor,97,48,1,2,16,1,0,29,108,6
Facebook,Universal Health Care,Recommended,,,Amanda Russell Brake,2/22/25,"Another let's simplify. Small businesses would benefit from universal health care. We over all agree if someone works full time they should have health insurance. Healthcare is a must. Small businesses often have a very hard time affording health insurance for their employees so instead they hire part timers. This means less quality production- the more you do something the better you are at it. As a result, most workers find themselves requiring multiple jobs to pay their bills equaling a 58 hour work week (2- 29 hour per week jobs) which also creates exhaustion- leading to higher incidents of accidents in the work place, leading to higher business insurance.  Small businesses also lose highly skilled workers to larger businesses because they cannot equal the benefits of the larger employers. I won't get into the strength of collective bargains when you have a large universal front- provided by universal health insurance, but you get the picture. It makes sense that millionaire large corporation players want to slash, cut and gut our help programming. We the people should benefit from not be held down by our government.",In-favor,3,3,0,0,0,0,0,0,0,0
Facebook,Universal Health Care,Recommended,#JVisTheGoodOne,,JV Ejercito,2/5/25,"NEW PHILHEALTH HEAD, NEW HOPE I met with the newly appointed PhilHealth President and CEO, Dr. Edwin Mercado, earlier today at my office for a courtesy call.  We discussed ways to strengthen the implementation of Universal Health Care and ensure better access to quality healthcare for all Filipinos. I ask him to adjust case rates and ensure that Philhealthâ€™s participation in hospital bills should be much bigger. Every Filipino should feel better that the government through PhilHealth is there in their time of need. Hoping for improvements in the healthcare system under this new leadership. #JVisTheGoodOne",In-favor,953,808,2,1,16,2,8,116,121,275
Facebook,Universal Health Care,Recommended,,,National Improved Medicare for All,2/9/25,"â€œWe spend more on healthcare in the United States because the price of care is higher in the United States. For decades, policy has missed this fundamental point instead of addressing prices and underlying inefficiencies.â€ Page 4: ",In-favor,0,0,0,0,0,0,0,0,0,0
Facebook,Universal Health Care,Recommended,,,Whole Washington,2/9/25,SB5233/HB1445 needs a hearing.  https://www.msn.com/.../everett-lawmakers.../ar-AA1yFlnF...,In-favor,133,83,0,0,0,0,50,0,19,49
Facebook,Universal Health Care,Recommended,,,Jerry Freeman,2/22/25,This lovely lady is a poster child for universal health care.   She did not get proper preventative care and cancer won out at about age 50.  You can see the tubes from her treatment.  It would have cost way less to provide care for her had it been discovered in an annual paps test.  She is dearly missed.  She was as bright a star as she appears in this photo.,In-favor,8,1,1,0,0,0,3,3,0,0
Facebook,Universal Health Care,Recommended,,,Kenny Kaburu ,2/17/25,"""Providing Universal Health Care (UHC) is a complex, expensive, and politically risky enterprise because of the requirements that go with its delivery. However, this administration is committed, in partnership with county governments, to deliver UHC for the people of Kenya."" - Deputy President Kithure Kindiki",In-favor,17,15,0,0,0,0,0,2,21,0
Facebook,Universal Health Care,Recommended,,,TRT World,2/10/25,"Danes vow to bring ""the rule of law, universal health care and fact based politics"" to California in their sarcastic counterbid to US President Donald Trump's claim on Greenland. ğŸ”— https://trt.world/vjsw",In-favor,317,216,0,0,88,2,1,10,35,25
Facebook,Universal Health Care,Recommended,,,Kenny Kaburu ,2/17/25,"""Providing Universal Health Care (UHC) is a complex, expensive, and politically risky enterprise because of the requirements that go with its delivery. However, this administration is committed, in partnership with county governments, to deliver UHC for the people of Kenya."" - Deputy President Kithure Kindiki",In-favor,17,15,0,0,0,0,0,2,21,0
Facebook,Universal Health Care,Recommended,,,Sierra Christina Gunyah,2/23/25,"Actually can we quit making this comparison??? Imo both should be free and we should be funding universal health care. Secondly, neither is free. Third, we're discussing mental health disorder treatment and a physical disease treatment. It's not like addiction treatment medications are the same medications used for treating cancer and addicts are getting it for free. Smh. And the fact I've seen this shared A BUNCH on my feed.",In-favor,11,5,0,0,0,0,0,6,7,0
Facebook,Universal Health Care,Recommended,https://www.clarkcountytoday.com/.../opinion-testifying.../ #ElizabethNew #WashingtonPolicyCenter #UniversalHealthcare #HealthCareCosts #TaxpayerFunded #GovernmentIntervention #FreeMarketSolutions #PriceTransparency #Telehealth #VancouverWA #ClarkCountyWa #localnews,,Clark County Today,2/4/25,"Elizabeth New of the Washington Policy Center testified before lawmakers in Olympia, raising concerns about taxpayer-funded universal healthcare. She highlighted issues with similar systems in other countries, including longer wait times and rationed care, and instead called for free-market reforms to lower costs and improve access. Should Washington move forward with this plan? Read more: https://www.clarkcountytoday.com/.../opinion-testifying.../ #ElizabethNew #WashingtonPolicyCenter #UniversalHealthcare #HealthCareCosts #TaxpayerFunded #GovernmentIntervention #FreeMarketSolutions #PriceTransparency #Telehealth #VancouverWA #ClarkCountyWa #localnews",Neutral,17,12,0,2,1,1,0,1,31,0
Facebook,Abortion Laws,Abortion Laws,,,KSWO7News,2/22/25,More men and women are looking into sterilization procedures after sweeping changes were made to abortion laws across the country.,Neutral,92,49,8,1,15,0,1,18,140,10
Facebook,Abortion Laws,Recommended,,,Progress Missouri ,1/14/25,"Josh Hawley continues to be out of touch with actual Missourians. After months of saying that states should decide abortion laws, he's now calling for national restrictions. Surprising, when MO *just* voted to restore access to abortion and reproductive rights.",In-favor,54,20,0,30,4,0,0,0,98,15
Facebook,Abortion Laws,Recommended,#MaternalHealth #healthcareaccess,,Sabrina Curtis,2/22/25,"States with strict abortion laws donâ€™t just limit reproductive rightsâ€”they also see higher rates of maternal and infant deaths. Research shows that: ğŸ”¹ Infant mortality rates have increased by nearly 6% in states with abortion bans. ğŸ”¹ Maternal mortality rates are 62% higher in states with abortion restrictions compared to those with greater access. ğŸ”¹ In Texas, after banning early-term abortions, infant deaths rose beyond expected levels, especially among babies with congenital anomalies. Restricting abortion doesnâ€™t just affect reproductive choiceâ€”it has life-or-death consequences for mothers and babies. We need to pay attention to the data and advocate for policies that support healthcare access. Sources: ğŸ“Œ https://time.com/.../infant-mortality-births-increased.../ ğŸ“Œ https://www.commonwealthfund.org/.../us-maternal-health...? ğŸ“Œ https://publichealth.jhu.edu/.../analysis-suggests-2021...? We deserve better for mothers and babies. #ReproductiveRights #MaternalHealth #healthcareaccess",In-favor,0,0,0,0,0,0,0,0,0,0
Facebook,Abortion Laws,Recommended,,,KCTV5 News Kansas City,2/17/25,Missouri lawmakers against abortion express a renewed desire to pass legislation reassessing the stateâ€™s abortion laws after a Friday ruling allowed abortions to resume.,Neutral,97,31,1,56,0,2,0,0,89,6
Facebook,Abortion Laws,Recommended,,,K Tothe T VanDee,2/23/25,Women are dying because of abortion laws. Will you be OK if a woman you know dies due to laws and no fault of her own?,In-favor,0,0,0,0,0,0,0,0,0,0
Facebook,Abortion Laws,Recommended,,,Suzie Kovach,2/23/25,"Is it against abortion Follow me on this pleaseâ€¦Abortion laws have drastically changed between the overturning of Roe and a majority of states with added changes (I wonâ€™t go state by state, but the point is factual). The key recipient now, and just a guess, future state is and will be Foster Care (sometimes after babies being dropped at local CPS locations). The Foster Care system today is overloaded to say the very least, and that is a whole different social and moral conversation. Foster Parents are most often, but not always (understanding that a percentage do it for the money and benefitsâ€¦sadly) dependent on Medicaid for the medical care (and other services to subsidize for healthy foods). So far everything Iâ€™m stating is fact based on personal family experience. Often times this is how we get people to buying into fostering (many, many, many other reasons) and hopefully giving children forever homes. Due to the abortion laws (tightening state by state whenever possible), both adoption agencies and most especially the highly stressed Foster Care system are getting the children born to those that cannot (and do not, for their own personal reasons), keep their child. Fact, if Medicaid takes any kind of hit at all, so will the Foster Care system which now is inundated with babies due to Abortion Laws. Before this is viewed incorrectlyâ€¦it doesnâ€™t matter if I personally am Pro Choice or Pro Life, what does matter that the choice was made for women, and now we are dangerously close to taking away a lifeline for an overwhelmed system that is now beyond overwhelmed. If there is any doubt here; I will 100% take you to all of our familyâ€™s contacts from this world and introduce you to an amazing Family Court Judge (who we actively backed for reelection, a Republican who is a true advocate for children) to show factual implications of real life decisions due to person biases. ğŸ’”ğŸ’”ğŸ’”",Neutral,5,3,0,0,0,0,0,2,2,1
Facebook,Abortion Laws,Recommended,,,Susannah Weathers Biel,2/22/25,"Peopleâ€”this canâ€™t happen! I realize if people want to tighten up abortion laws but this total ban is dangerous. There have got to be exceptions. I have a 15 year old daughter. If she were raped, there is 0% chance I would force her to carry that pregnancy through. It makes me sick to think of this. How are we going this far backwards?",Neutral,26,0,6,17,0,0,3,0,11,0
Facebook,Abortion Laws,Recommended,,,Lila Rose,2/23/25,Tens of thousands of children are alive today because of pro-life legislation.  Keep up the fight!,Against,444,274,0,1,8,0,10,153,200,43
Facebook,Abortion Laws,Recommended,,,Crystal Smith,2/23/25,Wtf I really don't believe in abortion but how the hell is it unborn baby going to sign a paper I don't know I could be tripping I haven't had my coffee this morning yet,Against,0,0,0,0,0,0,0,0,0,0
Facebook,Abortion Laws,Recommended,,,Crystal Smith,2/23/25,Wtf I really don't believe in abortion but how the hell is it unborn baby going to sign a paper I don't know I could be tripping I haven't had my coffee this morning yet,Against,0,0,0,0,0,0,0,0,0,0
Facebook,Abortion Laws,Recommended,,,ABC Illawarra,2/18/25,"A major overhaul of New South Wales's abortion laws, which would make it compulsory for most of the state's hospitals to offer the medical service, has been proposed.",Neutral,76,56,0,1,0,0,1,18,31,3
Facebook,Abortion Laws,Recommended,,,Kim Porter,2/23/25,"â€œThis little girl is afraid to leave. She spoke up, and now she doesnâ€™t want to suffer the consequences.â€ Everyone prepared to be dragged away by strange men for â€œspeaking upâ€? These were not deputies; the sheriff asked and the crowd at large stood by (some cheering) while unidentified men dragged a woman away for yelling â€œwomen are dyingâ€ while a representative talked about how great anti-abortion laws are at a Town Hall. A public forum. Oh, and *she* has been charged with battery.",Neutral,0,0,0,0,0,0,0,0,2,1
Facebook,Abortion Laws,Recommended,,,San Antonio Express-News,2/20/25,"Gov. Greg Abbott isnâ€™t quite certain the stateâ€™s abortion laws need to be reworked despite stories of women having to leave the state when they have had complications during their pregnancies. https://bit.ly/41aXOKA
",Neutral,92,55,3,31,1,1,0,1,30,3
Facebook,Abortion Laws,Recommended,#abortionlaws #prolifemovement #PlannedParenthood #malpractice,,The Christian Post,2/22/25,ICYMI: Nakara Alstonâ€™s story of delivering a baby who died shortly after birth following a botched abortion at a Planned Parenthood facility is one of many complaints against the organization highlighted in a New York Times article that has prompted renewed calls to end its federal taxpayer funding.  #abortionlaws #prolifemovement #PlannedParenthood #malpractice,Against,22,9,5,7,0,1,0,0,4,7
Facebook,Abortion Laws,Recommended,#TexasNews #LouisianaNews #AbortionLaws #LegalBattle,,Hot 107.9,2/19/25,"A New York doctor faces major legal trouble in the South. Texas just fined her $100K for prescribing abortion pills, while Louisiana wants to extradite her on felony charges. This high-stakes legal battle could set new precedents for abortion laws across state lines. #TexasNews #LouisianaNews #AbortionLaws #LegalBattle",Neutral,14,8,0,3,1,1,0,1,10,5
Facebook,Abortion Laws,Recommended,,,San Antonio Express-News,2/18/25,"Gov. Greg Abbott isnâ€™t quite certain the stateâ€™s abortion laws need to be reworked despite stories of women having to leave the state when they have had complications during their pregnancies. While some Republicans, including Lt. Gov. Dan Patrick, have said they are open to potentially clarifying the law, Abbott said heâ€™s convinced the law he signed in 2021 is already pretty clear that in cases where a womanâ€™s life is in danger, doctors can perform an abortion. â€œThere have been hundreds of abortions that have been provided under this law, so there are plenty of doctors and plenty of mothers that have been able to get an abortion that saved their lives and protect their health and safety,â€ Abbott told me in a recent interview. â€œSo I know as the law as it currently exists can work if it is properly applied.â€ Abbott said when he signed the abortion ban into law, the intention was that the life of the mother would protected.    â€œTo be honest, looking at the law and looking at the situation that some of these mothers have been in, some mothers have either been denied what they were rightfully entitled to or didnâ€™t accept what they were rightfully entitled to,â€ he said. Texas has one of the most restrictive abortion laws in the nation. The Texas law doesnâ€™t include exceptions for fetal abnormality, rape, or incest. Reporting by national investigative nonprofit ProPublica has shown that at least three women have died after doctors delayed treating miscarriages. Last year the Texas Supreme Court rejected a suit by 20 women calling for the state to clarify for doctors when they can perform abortions. That stateâ€™s abortion law became a key focal point of the 2024 elections....",Neutral,21,3,2,14,1,1,0,0,34,4
Facebook,Abortion Laws,Recommended,,,Human Coalition,2/20/25,The Supreme Court is reviewing another case that could impact abortion laws nationwide. Pray for LIFE!,Against,577,395,0,2,3,0,106,71,83,38
Facebook,Abortion Laws,Recommended,,,The Atlanta Journal-Constitution,2/20/25,Georgians awaiting the outcome of a lawsuit challenging the stateâ€™s abortion law will have to wait longer after a Georgia Supreme Court ruling has put the future of the case in jeopardy. ,Neutral,2,2,0,0,0,0,0,0,0,1
Facebook,Abortion Laws,Recommended,,,CNN,2/11/25,"Rather than take judges out of the national debate over abortion, as the 2022 Supreme Court opinion overturning Roe V. Wade promised to do, that ruling has unleashed a new wave of legal questions â€“ including how to settle disputes between the states about whether their abortion laws can be applied outside their borders.",Neutral,234,170,4,8,36,6,7,3,611,28
Facebook,Abortion Laws,Recommended,,,San Antonio Express-News,2/23/25,The departure of a KSAT meteorologist and the suicide of a young girl after bullies threatened deportation also topped the weekâ€™s headlines.,Neutral,7,4,2,0,0,0,0,1,5,2
Facebook,Abortion Laws,Recommended,,,Detroit News,2/20/25,The legality of the abortion laws came under scrutiny after Michigan voters approved a constitutional amendment creating a state-level abortion right.,Neutral,9,6,0,3,0,0,0,0,7,1
Facebook,Abortion Laws,Recommended,,,San Antonio Express-News,2/23/25,The departure of a KSAT meteorologist and the suicide of a young girl after bullies threatened deportation also topped the weekâ€™s headlines.,Neutral,7,4,2,0,0,0,0,1,5,2
Facebook,Abortion Laws,Recommended,,,Truthout,2/17/25,"A new nationwide directory, Pro-Choice Therapists, of vetted, pro-choice mental health providers, is helping pregnant people find a safe space to talk about about abortion via @publichealthwatch",Neutral,212,96,57,8,1,3,43,4,56,54
Facebook,Abortion Laws,Recommended,,,Courier Mail,12/9/24,"Abortion laws cannot be debated in parliament or changed for the next four years under an unprecedented act by Premier David Crisafulli to gag his own party room. The move was dubbed â€œthe death of democracyâ€ by Katter's Australian Party MPs. Full story, reaction: https://bit.ly/4fazQUV",Neutral,61,37,6,3,10,1,0,4,156,8
Facebook,Abortion Laws,Recommended,,,New York Daily News,2/17/25,EDITORIAL | Shielding New Yorkâ€™s doctors: Out-of-state anti-abortion laws donâ€™t apply here,Neutral,116,88,0,1,7,0,1,19,76,6
Facebook,Abortion Laws,Recommended,,,Courier Mail,12/10/24,"Premier David Crisafulli in parliament today moved for any changes to Queenslandâ€™s abortion laws, or motions to have â€œthis house express its viewsâ€ on the issue, be disallowed. Full story: https://bit.ly/4fazQUnğŸ“³ Never miss a moment of Queensland politics in our app: https://bit.ly/3Cl4JrX",Neutral,651,345,292,8,2,2,0,2,390,6
Facebook,Abortion Laws,Recommended,,,Ms. Magazine,2/23/25,Texas AG Ken Paxtonâ€™s lawsuit against a New York doctor marks a new front in the fight against telehealth abortion shield laws and cross-state medication abortion access.,Neutral,32,1,0,30,0,0,1,0,2,10
Facebook,Abortion Laws,Recommended,,,Ms. Magazine,2/23/25,Texas AG Ken Paxtonâ€™s lawsuit against a New York doctor marks a new front in the fight against telehealth abortion shield laws and cross-state medication abortion access.,Neutral,32,1,0,30,0,0,1,0,2,10
Facebook,Abortion Laws,Recommended,,,Cheryl Lemus,2/23/25,"Some pro-lifers have brought up this bill to the committee in Springfield, Illinois, let us not give them a chance! Illinois residents, we need your support! The bill is still in committee, so letâ€™s do it again! Hearing: Tue, 2/25, 4 PM HB 1333: Making abortion illegal in IL Suggested stance: Opponent Witness slip link: https://tinyurl.com/KeepReproductiveHealthAct2 Synopsis As Introduced Repeals the Reproductive Health Act. Creates the Illinois Abortion Law of 2025 containing the provisions of the Illinois Abortion Law of 1975 before its repeal by Public Act 101-13, as well as provisions defining ""viability"" to include when, in the medical judgment of the attending physician based on the particular facts of the case before the attending physician, the unborn child has a fetal heartbeat, and defining ""fetal heartbeat"" as the cardiac activity or the steady and repetitive rhythmic contraction of the fetal heart within the gestational sac. Creates the Partial-birth Abortion Ban Act of 2025 and the Abortion Performance Refusal Act of 2025 containing the provisions of the Partial-birth Abortion Ban Act and the Abortion Performance Refusal Act before their repeal by Public Act 101-13. Amends various Acts by restoring the language that existed before the amendment of those Acts by Public Act 101-13. Effective immediately.",In-favor,0,0,0,0,0,0,0,0,0,0
Facebook,Abortion Laws,Recommended,,,Washington Post ,1/15/25,"Research shows a significant increase in vasectomies and tubal ligations in the months just before and after the Supreme Court ruled in Dobbs v. Jackson Womenâ€™s Health Organization, the 2022 decision that ended a constitutional right to abortion.",Neutral,239,169,5,1,8,9,32,15,247,37
Facebook,Abortion Laws,Recommended,,,Detroit News,2/13/25,The Northland Family Planning Center is asking a Michigan Court of Claims judge to find three abortion laws are unconstitutional.,Neutral,24,13,0,7,1,0,1,2,38,0
Facebook,AI in Hiring Decisions,AI in Hiring Decisions,#SmartStaffing #Warehousing #Manufacturing #AIinStaffing #SmartHiring #WorkforceTechnology #HiringSolutions,,Belmar Sourcing,2/18/25,"AI is Changing the Hiring Game in Warehousing & Manufacturing The hiring process in warehousing & manufacturing is evolving fastâ€”thanks to AI and automation. Hereâ€™s how AI is transforming staffing in 2025: ğŸ¤– Smarter Candidate Matching â€“ AI-driven tools quickly identify top talent by analyzing experience, skills, and job fit, reducing hiring time. ğŸ“… Automated Scheduling â€“ AI optimizes shift management, ensuring the right workers are in place at the right time to boost efficiency. âœ… Pre-Screening & Skills Testing â€“ AI-powered assessments verify forklift operators, machine technicians, and general labor skills before placement. ğŸ“ˆ Data-Driven Hiring Decisions â€“ AI helps companies reduce turnover and improve retention by predicting workforce trends and identifying reliable workers. ğŸ” Compliance & Background Verification â€“ AI streamlines background checks and verifies credentials to ensure compliance with industry regulations. ğŸš€ 7X More Hiring Exposure â€“ Partnering with staffing firms that invest in both AI & advertising can generate up to 7X more exposure to job seekers. These staffing partners maximize ad-spend value, reaching far more candidates than companies could on their own. What This Means for You: Businesses that leverage AI-powered staffing fill positions faster, improve worker quality, and reduce hiring costs. Staying ahead means working with staffing partners who combine AI with strategic recruitment advertising. Ready to supercharge your hiring process? Contact us today! ğŸ“© John Riddile |  John@BelmarServices.com #SmartStaffing #Warehousing #Manufacturing #AIinStaffing #SmartHiring #WorkforceTechnology #HiringSolutions",In-favor,0,0,0,0,0,0,0,0,0,0
Facebook,AI in Hiring Decisions,Recommended,#HR #TalentAcquisition #Hiring #ApplicantTrackingSystem #HRTech #Recruitment #AIRecruitment #SmartHiring #FutureOfRecruitment #TechHiring #B2B #RecruitmentAutomation #AIPoweredHiring #EfficientHiring #AIForHR #RecruitmentTech #HRInnovation #NextGenHiring #TalentAcquisition #HRSoftware #HiringSolutions #smartrecruiting #zita,,Zita.ai  ,2/18/25,"Our AI-powered platform predicts candidate success based on skill matching and behavioral analysis, helping you make informed, data-driven hiring decisions. ğŸ’¡ Sign up for a FREE 14-day trial and experience the future of recruitment today! Click here for demo now : https://www.zita.ai/demo-signup #HR #TalentAcquisition #Hiring #ApplicantTrackingSystem #HRTech #Recruitment #AIRecruitment #SmartHiring #FutureOfRecruitment #TechHiring #B2B #RecruitmentAutomation #AIPoweredHiring #EfficientHiring #AIForHR #RecruitmentTech #HRInnovation #NextGenHiring #TalentAcquisition #HRSoftware #HiringSolutions #smartrecruiting #zita",In-favor,0,0,0,0,0,0,0,0,0,0
Facebook,AI in Hiring Decisions,Recommended,#HRTech #AIforHR #CopilotAI,,Greene Information Systems,2/21/25,"Tired of long hiring processes? Let AI speed things up! âš¡ğŸ¤– With Copilot, you can find top talent faster, reduce manual work, and make smarter hiring decisionsâ€”without the hassle! Ask, refine, and hire in no time. â³ Itâ€™s time to learn the game-changing approach to recruitment. Read more on the blog! ğŸ”— https://shorturl.at/WuW8L #HRTech #AIforHR #CopilotAI",In-favor,5,1,0,0,0,1,0,3,0,5
Facebook,AI in Hiring Decisions,Recommended,#FutureOfHR #AIinHR #WorkplaceInnovation,,Alysha M. Campbell,2/20/25,"HR is evolving, and AI is leading the way. From predictive hiring to seamless compliance, the future of workforce management is here. ğŸš€ğŸ’¡Are you leveraging AI + Fractional HR for smarter business decisions? Letâ€™s talk! â¬‡ï¸  #FutureOfHR #AIinHR #WorkplaceInnovation",In-favor,0,0,0,0,0,0,0,0,0,0
Facebook,AI in Hiring Decisions,Recommended,,,Allen M. Katz,2/22/25,"Why Should I Agree With This Statement? ""How AI Will Redefine The Recruiting Industry As A Whole Now That We Are In 2025?"" First Search Inc. feels we all should agree with the statement ""How AI Will Redefine the Recruiting Industry as a Whole in 2025"" because AI is already transforming recruitment, it will become even more integral in redefining the industry's processes, efficiency, and decision-making. Hereâ€™s 5 reasons why:n1. AI Will Automate & Streamline Recruiting Processes 2. AI Will Enhance Candidate Experience 3. AI Will Provide Predictive Analytics for Hiring Decisions 4. AI Will Improve Efficiency & Cost Savings 5. AI Will Enable Hyper Personalized Candidate Assessments The First Search Inc. Conclusion: In 2025, AI will no longer be just an enhancement to the recruiting industryâ€”it will be a necessity. Companies that fail to integrate AI-driven recruiting tools will fall behind in talent acquisition, while those that embrace AI will gain a competitive edge by hiring better, faster, and more efficiently. Still have questions? Reach out directly for your free company consultation to Al Katz, alkatz@firstsearch.com or 847-612-4676.",In-favor,0,0,0,0,0,0,0,0,0,0
Facebook,AI in Hiring Decisions,Recommended,#FutureOfHR #AIinHR #WorkplaceInnovation,,Alysha M. Campbell,2/20/25,"HR is evolving, and AI is leading the way. From predictive hiring to seamless compliance, the future of workforce management is here. ğŸš€ğŸ’¡Are you leveraging AI + Fractional HR for smarter business decisions? Letâ€™s talk! â¬‡ï¸  #FutureOfHR #AIinHR #WorkplaceInnovation",In-favor,0,0,0,0,0,0,0,0,0,0
Facebook,AI in Hiring Decisions,Recommended,#staff #itstaff #itstaffingsolutions #staffaugmentation #itstaffaugmentation #itstaffingservices #itstaffingcompany #workethics #programming #AI #ArtificialIntelligence #MachineLearning #Technology #Innovation #FutureofTech #AITools #DigitalTransformation,,Resquad AI  ,2/23/25,"Unconscious bias in recruitment is a widespread issue, impacting the effectiveness and fairness of hiring decisions. Research indicates that up to 90% of candidates perceive bias in hiring decisions, with 95% of recruiters acknowledging the role of unconscious bias.  Many organizations are actively seeking strategies to mitigate these biases and create a more inclusive and equitable recruitment process. AI offers a practical and data-driven approach to achieving these goals. Here are several ways AI can be leveraged to reduce bias in hiring: âœ…Blind Resume Screening: By masking names, gender, and other potentially biasing information, recruiters can focus solely on a candidate's skills, experience, and qualifications, promoting merit-based evaluation. This ensures that decisions are based on competence rather than demographic factors. âœ…Automated Resume Screening: Traditional keyword-based resume screening can be overly rigid and miss qualified candidates who might use different terminology to describe their skills. AI-driven semantic analysis understands the meaning behind the words, allowing for a more nuanced and comprehensive assessment of candidate suitability. This expands the talent pool and identifies hidden gems. âœ…Diversity Analytics: AI provides valuable insights into an organization's hiring data, identifying potential gaps and imbalances in hiring practices. By tracking metrics such as candidate demographics at each stage of the hiring process, organizations can identify areas for improvement and implement targeted interventions to promote diversity and inclusion. What are your experiences with AI in reducing bias in hiring? Have you implemented any of these strategies in your organization? #staff #itstaff #itstaffingsolutions #staffaugmentation #itstaffaugmentation #itstaffingservices #itstaffingcompany #workethics #programming #AI #ArtificialIntelligence #MachineLearning #Technology #Innovation #FutureofTech #AITools #DigitalTransformation",In-favor,0,0,0,0,0,0,0,0,0,0
Facebook,AI in Hiring Decisions,Recommended,,,Allen M. Katz,2/22/25,"Why Should I Agree With This Statement? ""How AI Will Redefine The Recruiting Industry As A Whole Now That We Are In 2025?"" First Search Inc. feels we all should agree with the statement ""How AI Will Redefine the Recruiting Industry as a Whole in 2025"" because AI is already transforming recruitment, it will become even more integral in redefining the industry's processes, efficiency, and decision-making. Hereâ€™s 5 reasons why:n1. AI Will Automate & Streamline Recruiting Processes 2. AI Will Enhance Candidate Experience 3. AI Will Provide Predictive Analytics for Hiring Decisions 4. AI Will Improve Efficiency & Cost Savings 5. AI Will Enable Hyper Personalized Candidate Assessments The First Search Inc. Conclusion: In 2025, AI will no longer be just an enhancement to the recruiting industryâ€”it will be a necessity. Companies that fail to integrate AI-driven recruiting tools will fall behind in talent acquisition, while those that embrace AI will gain a competitive edge by hiring better, faster, and more efficiently. Still have questions? Reach out directly for your free company consultation to Al Katz, alkatz@firstsearch.com or 847-612-4676.",In-favor,0,0,0,0,0,0,0,0,0,0
Facebook,AI in Hiring Decisions,Recommended,,,Allen M. Katz,2/22/25,"Why Should I Agree With This Statement? ""How AI Will Redefine The Recruiting Industry As A Whole Now That We Are In 2025?"" First Search Inc. feels we all should agree with the statement ""How AI Will Redefine the Recruiting Industry as a Whole in 2025"" because AI is already transforming recruitment, it will become even more integral in redefining the industry's processes, efficiency, and decision-making. Hereâ€™s 5 reasons why:n1. AI Will Automate & Streamline Recruiting Processes 2. AI Will Enhance Candidate Experience 3. AI Will Provide Predictive Analytics for Hiring Decisions 4. AI Will Improve Efficiency & Cost Savings 5. AI Will Enable Hyper Personalized Candidate Assessments The First Search Inc. Conclusion: In 2025, AI will no longer be just an enhancement to the recruiting industryâ€”it will be a necessity. Companies that fail to integrate AI-driven recruiting tools will fall behind in talent acquisition, while those that embrace AI will gain a competitive edge by hiring better, faster, and more efficiently. Still have questions? Reach out directly for your free company consultation to Al Katz, alkatz@firstsearch.com or 847-612-4676.",In-favor,0,0,0,0,0,0,0,0,0,0
Facebook,AI in Hiring Decisions,Recommended,#AIRecruitment #FutureOfHiring #HiringTrends #TalentAcquisition #SmartHiring #HRTech #AIAutomation #HiringSolutions #AIStaffing #RecruitmentTech #HRInnovation #JobSearchTech #AIForBusiness #HiringSuccess #FastHiring ğŸš€,,"TalentBridge Staffing, LLC ",2/20/25,"Traditional hiring methods are slowing businesses down! âŒ 75% of resumes never reach human eyes because of ATS filters. (Forbes) Meanwhile, AI-driven hiring boosts efficiency by 40%! (PwC) ğŸ” Instead of drowning in applications, AI helps us match the RIGHT candidates faster, smarter, and better. ğŸ’¡ Smart hiring = Quality over quantity. Thatâ€™s why we combine cutting-edge AI + expert recruiters to bring you top talent that fits your business needs! âœ… Faster hiring âœ… Better candidate matches âœ… Lower hiring costs ğŸ’¬ Ready to future-proof your hiring process? DM us ""AI Hiring"" today! #AIRecruitment #FutureOfHiring #HiringTrends #TalentAcquisition #SmartHiring #HRTech #AIAutomation #HiringSolutions #AIStaffing #RecruitmentTech #HRInnovation #JobSearchTech #AIForBusiness #HiringSuccess #FastHiring ğŸš€",In-favor,0,0,0,0,0,0,0,0,0,0
Facebook,AI in Hiring Decisions,Recommended,#AIForBusiness #BusinessAutomation #AIvsHuman #AIinMarketing #AIinRecruiting #AIinBusiness #ArtificialIntelligence #SmartBusiness #DigitalTransformation #HireVue #NetSuite #JasperAI #MarketingAutomation #BusinessGrowth #SmallBusinessSuccess #EntrepreneurLife,,Social AI Business Solutions LLC,2/21/25,"ğŸš€ AI vs. Human Business Decisions â€“ Who Wins? ğŸ¤– vs. ğŸ§  Making decisions based on gut feeling is a thing of the past! Businesses that leverage AI are making smarter, faster, and more profitable choices. ğŸ” Hereâ€™s how AI transforms key business decisions: âœ… Hiring the Right Talent â†’ ğŸ“Œ HireVue screens resumes & predicts top candidates. âœ… Managing Inventory â†’ ğŸ“Œ NetSuite Demand Planning prevents overstock & shortages. âœ… Marketing Strategy â†’ ğŸ“Œ Jasper AI generates high-performing content & ad targeting. The result? More efficiency, less guesswork, and higher profits! ğŸš€ ğŸ”— Want to integrate AI into your business? DM us NOW! ğŸ“© ğŸ’¬ Drop your vote in the comments! â¬‡ï¸ #AIForBusiness #BusinessAutomation #AIvsHuman #AIinMarketing #AIinRecruiting #AIinBusiness #ArtificialIntelligence #SmartBusiness #DigitalTransformation #HireVue #NetSuite #JasperAI #MarketingAutomation #BusinessGrowth #SmallBusinessSuccess #EntrepreneurLife ğŸš€ ğŸ‘‡ POLL: Whatâ€™s your biggest business challenge?",In-favor,0,0,0,0,0,0,0,0,0,0
Facebook,AI in Hiring Decisions,Recommended,#AIHiring #FutureOfWork #ArtificialIntelligence #RecruitmentRevolution #TechInnovation #HiringTrends #WorkplaceTransformation #AIImpact #JobMarket #ExcitingFuture,,Discovered Hiring Software,2/20/25,"Join us as we explore the thrilling potential of AI-driven hiring! In just a decade, artificial intelligence could redefine recruitment, merging excitement with trepidation. Discover how these advancements promise to transform our workforce dynamics! #AIHiring #FutureOfWork #ArtificialIntelligence #RecruitmentRevolution #TechInnovation #HiringTrends #WorkplaceTransformation #AIImpact #JobMarket #ExcitingFuture",In-favor,0,0,0,0,0,0,0,0,0,0
Facebook,AI in Hiring Decisions,Recommended,,,AI Empire  ,2/18/25,"AI IN HR: RECRUITING, ONBOARDING, AND EMPLOYEE MANAGEMENT ğŸ‘¥ How AI is Transforming HR & Workforce Management HR departments are evolving, thanks to AI-powered tools that streamline recruitment, improve employee engagement, and enhance workforce efficiency. With AI, companies can hire smarter, onboard faster, and manage employees more effectively. ğŸ”¹ AI in Recruitment: Hiring the Right Talent âœ… Resume Screening â€“ AI scans thousands of applications in minutes, identifying the best candidates based on skills and experience. âœ… Predictive Hiring â€“ AI analyzes past hiring data to predict which candidates are most likely to succeed in a role. âœ… Bias Reduction â€“ AI removes unconscious bias by focusing solely on skills and qualifications. ğŸ”¹ AI in Onboarding: Faster & More Effective âœ… Automated Training Programs â€“ AI customizes onboarding materials based on each employeeâ€™s role and learning style. âœ… Chatbots for Employee Support â€“ AI-powered virtual assistants answer new hires' FAQs, reducing HR workload. âœ… Personalized Learning Paths â€“ AI recommends training courses to enhance skills based on performance data. ğŸ”¹ AI in Employee Management & Engagement âœ… Performance Monitoring â€“ AI tracks employee performance, providing data-driven feedback for career growth. âœ… Employee Sentiment Analysis â€“ AI analyzes employee feedback to improve workplace culture and engagement. âœ… Workforce Planning â€“ AI predicts future staffing needs, optimizing workforce allocation. ğŸ“ˆ Why Businesses Should Use AI in HR ğŸ”¹ AI-powered HR tools improve hiring efficiency by up to 70%, reducing recruitment time and costs. ğŸ”¹ Personalized AI-driven training increases employee engagement and retention. ğŸ”¹ AI-based workforce planning ensures businesses always have the right talent at the right time. ğŸš€ Is your HR team leveraging AI to enhance workforce management? Letâ€™s explore how AI can improve your hiring and employee retention strategies! ğŸ’¬ Share your thoughts in the comments!",In-favor,1,1,0,0,0,0,0,0,0,0
Facebook,AI in Hiring Decisions,Recommended,"#AIRecruitment#FutureOfWork #hiring #hiringtrends #SkillsBasedHiring #qualityofhire
",,Nathalie Chauvel ,2/18/25,"The Future of Recruiting in 2025: AI-Driven Excellence  AI is redefining recruitment, freeing teams from repetitive tasks and enabling them to focus on strategy, relationships, and long-term impact. ğŸ”¹ 72% of firms are exploring or integrating AI in hiring. ğŸ”¹ 62% of recruiters believe AI improves quality of hire. ğŸ”¹ Skills-based hiring is rising, shifting the focus from degrees to real capabilities. AI isnâ€™t replacing recruitersâ€”itâ€™s enhancing their role. Those who master AI while strengthening human skills like relationship-building and adaptability will thrive. Want to stay ahead in AI-driven recruiting? Letâ€™s connect and chat! #AIRecruitment#FutureOfWork #hiring #hiringtrends #SkillsBasedHiring #qualityofhire",In-favor,0,0,0,0,0,0,0,0,0,0
Facebook,AI in Hiring Decisions,Recommended,,,Trending Talent ,2/17/25,"Make smarter hiring decisions, improve engagement, and retain top talent with data-driven insights. Trending Talent combines AI, science, and expertise to simplify HR and drive business success. Contact us to discover how our science-driven solutions can transform your talent strategyâ€”helping you hire smarter, engage better, and build a workforce that drives business success!",In-favor,1,1,0,0,0,0,0,0,0,0
Facebook,AI in Hiring Decisions,Recommended,"#AIRecruitment#FutureOfWork #hiring #hiringtrends #SkillsBasedHiring #qualityofhire
",,Nathalie Chauvel ,2/18/25,"The Future of Recruiting in 2025: AI-Driven Excellence  AI is redefining recruitment, freeing teams from repetitive tasks and enabling them to focus on strategy, relationships, and long-term impact. ğŸ”¹ 72% of firms are exploring or integrating AI in hiring. ğŸ”¹ 62% of recruiters believe AI improves quality of hire. ğŸ”¹ Skills-based hiring is rising, shifting the focus from degrees to real capabilities. AI isnâ€™t replacing recruitersâ€”itâ€™s enhancing their role. Those who master AI while strengthening human skills like relationship-building and adaptability will thrive. Want to stay ahead in AI-driven recruiting? Letâ€™s connect and chat! #AIRecruitment#FutureOfWork #hiring #hiringtrends #SkillsBasedHiring #qualityofhire",In-favor,0,0,0,0,0,0,0,0,0,0
Facebook,AI in Hiring Decisions,Recommended,#AI #HiringBias #FutureOfWork,,HR Interests  ,2/18/25,"AI is revolutionizing hiringâ€”boosting efficiency, streamlining interviews, and predicting candidate success. But does it truly eliminate bias, or create new challenges? As AI-driven recruitment grows, the debate over fairness intensifies. Can tech outsmart prejudice, or is bias just evolving? Letâ€™s dive in. #AI #HiringBias #FutureOfWork. ",In-favor,0,0,0,0,0,0,0,0,0,0
Facebook,AI in Hiring Decisions,Recommended,#humanresources #hr #recruitment #recruiting #jobs #jobsearch #career,,TecHR Series ,2/19/25,HireVueâ€™s 2025 AI Report Shows the Majority of HR Leaders Trust AI Hiring Decisions https://ow.ly/GQso50V2LOT #humanresources #hr #recruitment #recruiting #jobs #jobsearch #career,In-favor,1,1,0,0,0,0,0,0,0,0
Facebook,AI in Hiring Decisions,Recommended,#AIRecruitment #RemoteHiring #TechHiring #SmartHiring #AIinHR #FutureOfWork #GlobalTalent #HireSmarter #TalentAcquisition #WorkFromAnywhere,,Centizen Inc  ,2/20/25,"ğŸ¤– AI meets remote hiring for a game-changing recruitment strategy! Make smarter, data-driven hiring decisions effortlessly. Get the best candidates efficiently: https://www.centizen.com/hire-developers/ #AIRecruitment #RemoteHiring #TechHiring #SmartHiring #AIinHR #FutureOfWork #GlobalTalent #HireSmarter #TalentAcquisition #WorkFromAnywhere",In-favor,0,0,0,0,0,0,0,0,0,0
Facebook,AI in Hiring Decisions,Recommended,#ArtificialIntelligence #FutureOfWork #AIHiring #TalentAcquisition #AIEthics,,AI Market Watch ,2/20/25,"From analyzing the search results and news articles about Mercor's latest funding, here's a concise LinkedIn post from Geoffrey Hinton's perspective: AI hiring startup Mercor reaching a $2B valuation signals a critical shift in how we evaluate human talent. Their AI models now predict job performance better than humans, processing 300,000 candidates and conducting 100,000 interviews with 51% month-over-month revenue growth. As someone who's warned about AI's impact, I see this as a double-edged sword: while it democratizes opportunity by giving every applicant an interview, it also raises questions about AI's growing role in life-changing human decisions. #ArtificialIntelligence #FutureOfWork #AIHiring #TalentAcquisition #AIEthics ğŸ“š References: 1ï¸âƒ£ AI hiring startup Mercor now valued at $2 billion after strong recent growth - Link: https://www.nbcconnecticut.com/.../ai-hiring.../3503736/",In-favor,0,0,0,0,0,0,0,0,0,0
Facebook,AI in Hiring Decisions,Recommended,#smarthiringdecisions  #AI #skillsassessment  #recruitment  #hireme  #Gappeo #datadrivenhiring,,Gappeo ,2/18/25,"ğŸš€ Hire Smart with Gappeo, the Ultimate Online Assessment Platform for Skills. ğŸš€ Old-fashioned hiring methods only end up causing more issues now. Good businesses use AI-driven online skills tests to make data diversity-aware and fact-driven decisions about hiring.Gappeo helps you hire based on real capabilities and competence, not on what the resume says.  Are you ready to elevate your experience of hiring your next candidate?  Letâ€™s talk! Signup https://app.gappeo.com/signup we will get in touch with you! #smarthiringdecisions  #AI #skillsassessment  #recruitment  #hireme  #Gappeo #datadrivenhiring",In-favor,1,1,0,0,0,0,0,0,0,0
Facebook,AI in Hiring Decisions,Recommended,#AI #TalentAcquisition #Leadership #GrowthAndProfitSolutions #GPS #GPS-AI ,,Growth & Profit Solutions ,2/20/25,"ğ€ğˆ ğšğ§ğ ğ­ğ¡ğ ğ…ğ®ğ­ğ®ğ«ğ ğ¨ğŸ ğ“ğšğ¥ğğ§ğ­: ğ‡ğ¢ğ«ğ ğ’ğ¦ğšğ«ğ­ğğ«, ğğ¨ğ­ ğ‡ğšğ«ğğğ« The future of hiring isnâ€™t about finding peopleâ€”itâ€™s about finding the right people, faster. ğŸ”¹ AI enhances hiring by identifying top talent with precision.  ğŸ”¹ AI removes unconscious bias from recruitment.  ğŸ”¹ Smart hiring decisions drive long-term business success. Key Insight: The best teams arenâ€™t built on instinctâ€”theyâ€™re built on AI-driven insights. â“ How is AI improving your hiring decisions? Discover more at ğ°ğ°ğ°.ğ ğ©ğ¬-ğšğ¢.ğœğ¨ğ¦.ğšğ® #AI #TalentAcquisition #Leadership #GrowthAndProfitSolutions #GPS #GPS-AI ",In-favor,0,0,0,0,0,0,0,0,0,0
Facebook,AI in Hiring Decisions,Recommended,#AIinRecruitment #TalentAcquisition #HRInnovation #ArtificialIntelligence #FutureOfWork,,Acaiberry,2/22/25,"Weâ€™re excited to announce our upcoming full-day training, ""Acing Talent Acquisition with Artificial Intelligence""! In a world where talent is the ultimate competitive advantage, AI is no longer a luxuryâ€”itâ€™s a necessity. For HR professionals, embracing AI means moving beyond traditional methods to make smarter, faster, and more equitable hiring decisions. Itâ€™s about unlocking the potential of data, reducing bias, and creating seamless experiences for both recruiters and candidates. When: 24 Feb 2025 Where: CMS Connect, Bishalnagar, Kathmandu Time: 9:30 AM to 4:30 PM This training is your opportunity to future-proof your recruitment strategies and stay ahead in the evolving world of work. Letâ€™s explore how AI can transform talent acquisition together! #AIinRecruitment #TalentAcquisition #HRInnovation #ArtificialIntelligence #FutureOfWork",In-favor,0,0,0,0,0,0,0,0,0,0
Facebook,AI in Hiring Decisions,Recommended,#AI #HR #BehavioralScience #Technology #Organization #Leadership #FutureOfWork #BiasInAI #CohesiveCultures #FutureFocused #MochaSprout,,Dr. Misty D. Freeman,2/18/25,"The problem isnâ€™t the AI itself. Itâ€™s who designs it, who trains it, and who decides what good looks like. AI in HR isnâ€™t just scanning resumes anymore. Itâ€™s making hiring decisions, evaluating performance, and even shaping workplace culture. AI is only as unbiased as the data itâ€™s fed. And that data is shaped by human behavior. Itâ€™s shaped by our implicit biases, flawed reward systems, and deeply ingrained patterns. Hereâ€™s where behavior science can provide a perspective. Behavioral contingencies shape AI outcomes. If the data rewards conformity over diversity, efficiency over ethical decision-making, or output over well-being, AI will reinforce those. Feedback loops dictate organizational culture. AI-driven performance systems can either motivate or demoralize, depending on how behavior is reinforced. Accountability isnâ€™t optional. Whoâ€™s analyzing the reinforcers behind AI decision-making? Whoâ€™s measuring its unintended consequences? AI doesnâ€™t create bias; it automates it. If we donâ€™t develop systems for designing and training, weâ€™re just scaling our worst habits. Your thoughts? #AI #HR #BehavioralScience #Technology #Organization #Leadership #FutureOfWork #BiasInAI #CohesiveCultures #FutureFocused #MochaSprout",Neutral,2,1,0,0,0,0,0,1,0,0
Facebook,AI in Hiring Decisions,Recommended,#futureofwork #aiadvantage #globaltalent #careergrowth #staycompetitive,,Plugg Technologies  Â·,2/18/25,"ğŸŒ AI is Changing the Talent Game ğŸš€ In high-cost countries like the US, UK, and Germany, professionals arenâ€™t just competing locally anymore. With AI leveling the playing field, companies can hire skilled talent in lower-cost regions at a fraction of the price. If youâ€™re not leveraging AI, someone else isâ€”and that could be the deciding factor in hiring decisions. The future belongs to those who adapt. ğŸ’¡ ğŸ”— Listen to the full conversation in the latest podcast episode: https://buff.ly/4hAJjr6  #futureofwork #aiadvantage #globaltalent #careergrowth #staycompetitive",In-favor,0,0,0,0,0,0,0,0,0,0
Facebook,AI in Hiring Decisions,Recommended,#JobSearch #Hiring #AI #CareerTips,,Inside Job Agency,2/20/25,"AI is not your enemy in the job application fight.  I know, I knowâ€”AI-powered hiring tools are everywhere. Resumes get scanned. Cover letters get keyword-matched. It feels like a robot is deciding your fate. But letâ€™s be real: the real challenge? Humans. AI doesnâ€™t exist in a vacuum. Itâ€™s built by people, trained on human-made data, andâ€”surprise!â€”it picks up all the same biases we have. That means: âŒ Hiring AI might favor certain language styles (aka, privilege-coded resumes). âŒ It could replicate biases in past hiring decisions. âŒ It wonâ€™t actually assess your creativity or potentialâ€”just how well you ""match"" past candidates. So, instead of fearing AI, focus on navigating the humans behind it. âœ… Build relationships. Networking still gets you past the AI wall. âœ… Tailor your resume to be ATS-friendly and human-compelling. âœ… Remember: the final decision-maker is almost always a person. AI is a tool. Humans built it, humans control it, and humans still make the calls. So letâ€™s stop pretending weâ€™re fighting a sci-fi villain and get back to cracking the (very human) hiring code. #JobSearch #Hiring #AI #CareerTips",Off-topic,0,0,0,0,0,0,0,0,0,0
Facebook,AI in Hiring Decisions,Recommended,,,HeyMilo AI,2/20/25,"Which candidate screening method is right for your business â€“ traditional systems or AI-powered solutions? With hiring becoming more complex, this question has never been more relevant.  Traditional screening methods have stood the test of time, but the rise of AI offers new ways to tackle challenges like higher application volumes and identifying hidden talent. Hereâ€™s a quick glance at what AI screening can do for you: âœ”ï¸ Spot talent you might miss: AI identifies strong candidates with advanced pattern recognition and learns from past hiring data to sharpen decisions. âœ”ï¸ Save time and boost productivity: Automated processes handle large application volumes, reducing time-to-hire while giving detailed insights for smarter decisions. âœ”ï¸ Enhance the candidate experience: Faster processing and objective initial evaluations create a fairer, smoother experience for applicants. âœ”ï¸ Make data-driven hiring decisions: Real-time analytics predict whoâ€™s most likely to succeed, deliver clear reporting, and optimize future hires. Traditional methods, on the other hand, remain a solid option for organizations with smaller hiring volumes or more straightforward screening needs.  The key to success often lies not in choosing one over the other, but in understanding YOUR unique recruitment needs and creating a balanced approach. ğŸ’¡ Still curious about how to decide between the two? Or maybe you want to see how AI could transform recruitment for your team? Check out the full article here for a deeper dive into finding the perfect fit for your companyâ€™s screening process: https://www.heymilo.ai/.../how-to-make-the-most-of...",In-favor,0,0,0,0,0,0,0,0,0,0
Facebook,AI in Hiring Decisions,Recommended,#HireVue #AI #HRTech,,HRTech Edge,2/20/25,HR trusts AI! ğŸ¤– HireVue's 2025 AI Report reveals growing confidence in AI-driven hiring decisions.  â¡ https://hrtechedge.com/hirevue-report-ai-adoption-in.../ #HireVue #AI #HRTech,In-favor,1,1,0,0,0,0,0,0,0,0
Facebook,AI in Hiring Decisions,Recommended,#HR #HumanResources #TA #TalentAcquisition #Recruit #Recruiter #Tech #AI #Hiring #interviews # hire #hiring #McHire ,,Riviera Advisors ,2/19/25,"#AI is Reshaping #Hiringâ€”Are You Ready? AI is revolutionizing# recruitment at a pace we havenâ€™t seen since the internet first changed the way we do business. From automating admin tasks like scheduling #interviews to completely redefining how companies #hire, AI is no longer just an efficiency toolâ€”itâ€™s transforming the entire process. Take McDonaldâ€™s, for example. By implementing AI-driven hiring with #McHire, they cut their time-to-hire from 21 days to just 3, unlocking billions in revenue. Meanwhile, high-skill #hiring still requires a personal touch, but AI is streamlining background tasks to enhance candidate experience rather than replace it. The lesson? Companies that adapt will thrive. Those that donâ€™t risk becoming the video stores of hiringâ€”left behind as the industry moves forward. Want to dive deeper? Check out the full article written by Johnny Campbell and published by SocialTalent. https://www.socialtalent.com/.../johnny-campbell-ai... #HR #HumanResources #TA #TalentAcquisition #Recruit #Recruiter #Tech",In-favor,0,0,0,0,0,0,0,0,0,0
Facebook,AI in Hiring Decisions,Recommended,#GreatEmployersUseSprout #NextGenHRSummit, ,Sprout Solutions,2/17/25,"AI and data are transforming HR, streamlining hiring, management, and decision-making. A digital-first approach is now essential for a more agile and efficient workplace. At the #NextGenHRSummit, Atty. Lester Ople leads a panel discussion with Atty. Jay-Ryan Trinidad of Sprout Solutions and Enrique Antonio Reyes of Converge ICT Solutions Inc. on how AI-driven recruitment, automated workflows, and real-time data are reshaping HR operations. Discover how AI and analytics can enhance HR efficiency and employee experiences. Register now! https://hubs.li/Q0372SL_0 #GreatEmployersUseSprout",In-favor,1,1,0,0,0,0,0,0,0,0
Facebook,AI in Hiring Decisions,Recommended,,,WFTV Channel 9,1/19/25,"As organizations deepen their use of artificial-intelligence tools, human-resources managers have largely embraced the technology.",In-favor,41,29,1,6,2,1,1,1,5,0
